/*
Navicat MySQL Data Transfer

Source Server         : Connection
Source Server Version : 80018
Source Host           : localhost:3306
Source Database       : blog

Target Server Type    : MYSQL
Target Server Version : 80018
File Encoding         : 65001

Date: 2020-09-03 20:33:12
*/

SET FOREIGN_KEY_CHECKS=0;

-- ----------------------------
-- Table structure for t_blog
-- ----------------------------
DROP TABLE IF EXISTS `t_blog`;
CREATE TABLE `t_blog` (
  `id` bigint(20) NOT NULL AUTO_INCREMENT,
  `appreciation` bit(1) NOT NULL,
  `commentable` bit(1) NOT NULL,
  `content` longblob,
  `create_time` datetime NOT NULL,
  `first_picture` longblob NOT NULL,
  `flag` varchar(255) DEFAULT NULL,
  `published` bit(1) NOT NULL,
  `recommend` bit(1) NOT NULL,
  `share_statement` bit(1) NOT NULL,
  `title` varchar(255) DEFAULT NULL,
  `update_time` datetime DEFAULT NULL,
  `views` int(11) DEFAULT NULL,
  `type_id` bigint(20) DEFAULT NULL,
  `user_id` bigint(20) DEFAULT NULL,
  `description` varchar(255) DEFAULT NULL,
  PRIMARY KEY (`id`),
  KEY `FK292449gwg5yf7ocdlmswv9w4j` (`type_id`),
  KEY `FK8ky5rrsxh01nkhctmo7d48p82` (`user_id`)
) ENGINE=MyISAM AUTO_INCREMENT=16 DEFAULT CHARSET=utf8;

-- ----------------------------
-- Records of t_blog
-- ----------------------------
INSERT INTO `t_blog` VALUES ('3', '', '\0', 0x2320536F7274E5928C5061676552657175657374E696B9E6B395E8BF87E697B6E997AEE9A298E79A84E8A7A3E586B3E58A9EE6B39520230D0A232320E8BF87E697B6E696B9E6B395EFBC9A2023230D0A0D0A536F727420736F7274203D206E657720536F727428536F72742E446972656374696F6E2E444553432C22626C6F67732E73697A6522293B0D0A0D0A5061676561626C65207061676561626C65203D206E657720506167655265717565737428302C2073697A652C20736F7274293B0D0AE59CA8E4B88DE8BF90E8A18CE79A84E697B6E58099E5B0B1E4BC9AE68AA5E99499EFBC9A0D0A0D0A215B5D2868747470733A2F2F696D672D626C6F672E6373646E696D672E636E2F32303230303130323134333430373139362E706E67290D0A0D0A232320E8A7A3E586B3E696B9E6B395EFBC9A2023230D0A0D0A536F727420736F7274203D20536F72742E627928536F72742E446972656374696F6E2E444553432C2022626C6F67732E73697A6522293B0D0A0D0A5061676561626C65207061676561626C653D2050616765526571756573742E6F6628302C2073697A652C20736F7274293B, '2020-08-31 22:55:14', 0x68747470733A2F2F7373312E62647374617469632E636F6D2F37306346755853685F5131596E78476B706F574B314846366868792F69742F753D333039313735343733382C3239393837313930373926666D3D32362667703D302E6A7067, '', '', '', '', 'Sort和PageRequest方法过时问题的解决办法', '2020-08-31 22:55:14', '5', '13', '1', 'Sort和PageRequest方法过时问题的解决办法......');
INSERT INTO `t_blog` VALUES ('4', '', '\0', 0xE5B7A5E585B72FE58E9FE696990D0A0D0A20202020537072696E6720426F6F7420322E312E31342E52454C454153450D0A20202020E59BBDE99985E58C96E8B584E6BA90EFBC9AE887AAE58AA8E689ABE68F8F0D0A20202020E58C85E4B88BE79BB4E68EA5E5BBBAE7AB8B6D6573736167652E70726F706572746965730D0A20202020237B286E616D6529696E6465782E656D61696C7D0D0A0D0AE4B880E38081E9858DE7BDAEE59BBDE99985E58C96E8B584E6BA900D0A0D0A20202020310D0A0D0A20202020E59CA87265736F75726365E79BAEE5BD95E4B88BE5BBBAE7AB8BE79BAEE5BD956931386E2F6D65737361676573E794A8E4BA8EE5AD98E694BEE59BBDE99985E58C96E8B584E6BA90E69687E4BBB6EFBC8CE59CA86D65737361676573E79BAEE5BD95E4B88BE696B0E5BBBAE4B889E4B8AAE69687E4BBB63A6D657373616765735F656E5F55532E70726F70657274696573E380816D657373616765735F7A685F434E2E70726F70657274696573E380816D657373616765732E70726F70657274696573E380820D0A20202020537072696E67426F6F74E5A682E4BD95E9858DE7BDAEE5928CE5BC95E794A8E59BBDE99985E58C96E8B584E6BA900D0A215B5D2868747470733A2F2F6578702D706963747572652E63646E2E626365626F732E636F6D2F653137376663393134376538333365303334663638646237333065613365383633313438353964382E6A70673F782D6263652D70726F636573733D696D616765253246726573697A652532436D5F6C666974253243775F3530302532436C696D69745F31290D0A20202020320D0A0D0A20202020E4B88AE99DA2E79A846D657373616765732E70726F70657274696573E4B8BAE9BB98E8AEA4E79A84E59BBDE99985E58C96E8B584E6BA90E69687E4BBB6EFBC8CE58FAFE4BBA5E59CA8737072696E67626F6F74E79A84E9858DE7BDAEE7B1BB4D657373616765536F757263654175746F436F6E66696775726174696F6EE6BA90E7A081E4B8ADE5BE97E4BBA5E8AF81E6988EE380820D0A0D0A20202020E6B3A8E6848FEFBC9AE9BB98E8AEA4E79A84E59BBDE99985E58C96E8B584E6BA90E58FAAE69C89E59CA8E69CAAE9858DE7BDAEE585B6E4BB96E59BBDE99985E58C96E8B584E6BA90E68896E9858DE7BDAEE79A84E585B6E4BB96E59BBDE99985E58C96E8B584E6BA90E4B8ADE69CAAE689BEE588B0E58CB9E9858DE69DA1E79BAEE697B6E6898DE4BC9AE7949FE69588E380820D0A20202020537072696E67426F6F74E5A682E4BD95E9858DE7BDAEE5928CE5BC95E794A8E59BBDE99985E58C96E8B584E6BA900D0A215B5D2868747470733A2F2F6578702D706963747572652E63646E2E626365626F732E636F6D2F653133393061333164666236333236633533653232393762383935333266363332323835363064382E6A70673F782D6263652D70726F636573733D696D616765253246726573697A652532436D5F6C666974253243775F3530302532436C696D69745F31290D0A20202020330D0A0D0A20202020E59CA8537072696E6720626F6F74E79A84E9858DE7BDAEE69687E4BBB66170706C69636174696F6E2E70726F70657274696573E4B8ADE6B7BBE58AA0E9858DE7BDAEE9A1B9EFBC9A0D0A0D0A20202020737072696E672E6D657373616765732E626173656E616D653D6931386E2F6D657373616765732F6D657373616765730D0A0D0A20202020E6B3A8E6848FEFBC9AE69C80E5908EE4B880E4B8AA6D65737361676573E4B880E5AE9AE4B88DE883BDE5B091EFBC8CE69C80E5908EE4B880E4B8AA6D65737361676573E8A1A8E6988EE59BBDE99985E58C96E69687E4BBB6E79A84E5898DE7BC80EFBC8CE5A682E69E9CE6B2A1E69C89E9858DE7BDAEE58899E4BC9AE68AA5E99499EFBC8CE68AA5E99499E4BFA1E681AFE7B1BBE4BCBC6A617661782E736572766C65742E6A73702E4A7370546167457863657074696F6E3A204E6F206D65737361676520666F756E6420756E64657220636F6465202768656C6C6F2E776F726C642720666F72206C6F63616C6520277A685F434E270D0A20202020537072696E67426F6F74E5A682E4BD95E9858DE7BDAEE5928CE5BC95E794A8E59BBDE99985E58C96E8B584E6BA900D0A20202020454E440D0A215B5D2868747470733A2F2F6578702D706963747572652E63646E2E626365626F732E636F6D2F653137376663393134376538333365303334663638646237333065613365383633313438353964382E6A70673F782D6263652D70726F636573733D696D616765253246726573697A652532436D5F6C666974253243775F3530302532436C696D69745F31290D0A0D0AE4BA8CE38081E5BC95E794A8E59BBDE99985E58C96E8B584E6BA900D0A0D0A20202020312EE59CA8E5898DE58FB0E5BC95E794A8E59BBDE99985E58C96E8B584E6BA90E6AF94E8BE83E7AE80E58D95EFBC8CE6AF94E5A682E5898DE58FB04A5350E9A1B5E99DA2EFBC8CE9A696E58588E59CA8E9A1B5E99DA2E4B88AE5BC95E585A5737072696E676672616D776F726BE6A087E7ADBEE5BA933C2540207461676C6962207072656669783D22737072696E6722207572693D22687474703A2F2F7777772E737072696E676672616D65776F726B2E6F72672F746167732220253EEFBC8CE5B9B6E59CA8E5AFB9E5BA94E79A84E59BBDE99985E58C96E69687E4BBB6E4B8ADE58699E4B88A6D65737361676520E994AEE5AFB9E5BA94E79A84E580BCE380820D0A215B5D2868747470733A2F2F6578702D706963747572652E63646E2E626365626F732E636F6D2F653137376663393134376538333365303334663638646237333065613365383633313438353964382E6A70673F782D6263652D70726F636573733D696D616765253246726573697A652532436D5F6C666974253243775F3530302532436C696D69745F31290D0A215B5D2868747470733A2F2F6578702D706963747572652E63646E2E626365626F732E636F6D2F386462306336613732363333343838346563363766623938646465653762376638373065343564382E6A70673F782D6263652D70726F636573733D696D616765253246726573697A652532436D5F6C666974253243775F3530302532436C696D69745F31290D0A0D0A20202020322EE99C80E8A681E79A84E4BDBFE794A8E59BBDE99985E58C96E8B584E6BA90E79A84E59CB0E696B9E58AA0E4B88AE5A682E4B88BE8AFADE58FA5E58DB3E58FAFEFBC8CE8BF9BE585A5E588B04A5350E9A1B5E99DA2E697B6E7B3BBE7BB9FE4BEBFE4BC9AE6A0B9E68DAEE59BBDE99985E58C96E69687E4BBB6E58EBBE69FA5E689BEE5AFB9E5BA94E79A84E6B688E681AFE580BCE380820D0A215B5D2868747470733A2F2F6578702D706963747572652E63646E2E626365626F732E636F6D2F376433346662663466636635656530643130346131613633663936623063653236346537626164382E6A70673F782D6263652D70726F636573733D696D616765253246726573697A652532436D5F6C666974253243775F3530302532436C696D69745F31290D0A215B5D2868747470733A2F2F6578702D706963747572652E63646E2E626365626F732E636F6D2F363461363261306636343738313432333863336463363861616163326262643665306430623264382E6A70673F782D6263652D70726F636573733D696D616765253246726573697A652532436D5F6C666974253243775F3530302532436C696D69745F31290D0A0D0A0D0A0D0A20202020332EE59CA84A617661E4BBA3E7A081E4B8ADE5BC95E794A8E59BBDE99985E58C96E69687E4BBB6EFBC8CE9A696E58588E6B3A8E585A54D657373616765536F75726365EFBC8CE784B6E5908EE9809AE8BF874C6F63616C65436F6E74657874486F6C6465722E6765744C6F63616C652829E69DA5E88EB7E58F96E5BD93E5898D4C6F63616C65EFBC8CE69C80E5908EE9809A6D657373616765536F757263652E6765744D657373616765282268656C6C6F2E776F726C64222C206E756C6C2C6C6F63616C6529E69DA5E58EBBE5AFB9E5BA94E79A84E59BBDE99985E58C96E8B584E6BA90E69687E4BBB6E4B8ADE58F96E6B688E681AFE380820D0A20202020537072696E67426F6F74E5A682E4BD95E9858DE7BDAEE5928CE5BC95E794A8E59BBDE99985E58C96E8B584E6BA900D0A215B5D2868747470733A2F2F6578702D706963747572652E63646E2E626365626F732E636F6D2F396232303938323534313933636565383863383065346166356130666632323630633961613864382E6A70673F782D6263652D70726F636573733D696D616765253246726573697A652532436D5F6C666974253243775F3530302532436C696D69745F31290D0A, '2020-08-31 23:00:05', 0x68747470733A2F2F7373302E62647374617469632E636F6D2F37306346754853685F5131596E78476B706F574B314846366868792F69742F753D323534353538393234372C3431303038333837373326666D3D32362667703D302E6A7067, '', '', '', '', 'Spring Boot资源国际化', '2020-08-31 23:00:05', '2', '15', '1', 'Spring Boot 2.1.14.RELEASE, Spring Boot资源国际化......');
INSERT INTO `t_blog` VALUES ('12', '', '\0', 0x2A2AE697A2E784B6E5BC80E5A78BE5ADA6E4B9A0576562E4BA86EFBC8CE5BD93E784B6E8A681E58588E69DA5E4BA86E8A7A3E4B880E4B88B48545450E58D8FE8AEAEEFBC8CE6AF95E7AB9FE8BF99E698AFE59FBAE79FB3E380822A2A0D0A2A2AE5908CE6A0B7E79A84E59CA8E4BA86E8A7A348545450E58D8FE8AEAEE5898DEFBC8CE68891E4BBACE58588E69DA5E4BA86E8A7A3E4B880E4B88B5443502F4950E58D8FE8AEAEE380822A2A0D0A0D0A232320E4BB80E4B988E698AF5443502F4950E58D8FE8AEAEEFBC9F0D0A0D0A3E205443502F4950EFBC885472616E736D697373696F6E20436F6E74726F6C2050726F746F636F6C2F496E7465726E65740D0A3E2050726F746F636F6CEFBC8CE4BCA0E8BE93E68EA7E588B6E58D8FE8AEAE2FE7BD91E99985E58D8FE8AEAEEFBC89E698AFE68C87E883BDE5A49FE59CA8E5A49AE4B8AA2A2AE4B88DE5908CE7BD91E7BB9CE997B4E5AE9EE78EB0E4BFA1E681AFE4BCA0E8BE932A2AE79A84E58D8FE8AEAEE7B087E380825443502F4950E58D8FE8AEAEE4B88DE4BB85E4BB85E68C87E79A84E698AF544350E5928C4950E4B8A4E4B8AAE58D8FE8AEAEEFBC8CE8808CE698AFE68C87E4B880E4B8AAE794B1465450E38081534D5450E38081544350E38081554450E380814950E7AD89E58D8FE8AEAEE69E84E68890E79A84E58D8FE8AEAEE7B087EFBC8CE59BA0E4B8BAE59CA85443502F4950E58D8FE8AEAEE4B8AD544350E5928C4950E58D8FE8AEAEE69C80E585B7E4BBA3E8A1A8E680A7EFBC8CE68980E4BBA5E8A2ABE7A7B0E4BD9CE4B8BA5443502F4950E58D8FE8AEAEE380825443502F4950E58D8FE8AEAEE7B087E4B8ADE69C89E4B880E4B8AAE9878DE8A681E79A84E6A682E5BFB52D2DE58886E5B182EFBC8C5443502F4950E58D8FE8AEAEE68C89E785A7E5B182E6ACA1E58886E4B8BA2A2AE5BA94E794A8E5B1822A2AEFBC885B54656C6E65745D2868747470733A2F2F6261696B652E62616964752E636F6D2F6974656D2F74656C6E657429E380815B4654505D2868747470733A2F2F6261696B652E62616964752E636F6D2F6974656D2F4654502F313338333929E380815B534D54505D2868747470733A2F2F6261696B652E62616964752E636F6D2F6974656D2F534D54502F31373538383729EFBC89E380812A2AE4BCA0E8BE93E5B1822A2AEFBC885B5443505D2868747470733A2F2F6261696B652E62616964752E636F6D2F6974656D2F5443502F33333031323F66723D616C616464696E29E380815B5544505D2868747470733A2F2F6261696B652E62616964752E636F6D2F6974656D2F5544502F35373135313129EFBC89E38081E7BD91E7BB9CE5B182EFBC885B49505D2868747470733A2F2F6261696B652E62616964752E636F6D2F6974656D2F49502F3232343539393F66723D616C616464696E29E380815B49434D505D2868747470733A2F2F6261696B652E62616964752E636F6D2F6974656D2F49434D502F3537323435323F66723D616C616464696E29E380815B49474D505D2868747470733A2F2F6261696B652E62616964752E636F6D2F6974656D2F496E7465726E65742545372542422538342545372541452541312545372539302538362545352538442538462545382541452541452F323939313638353F66726F6D7469746C653D49474D502666726F6D69643D3631303437342666723D616C616464696E290D0A3E20EFBC89E380812A2AE695B0E68DAEE993BEE8B7AFE5B1822A2AEFBC885B4152505D2868747470733A2F2F6261696B652E62616964752E636F6D2F6974656D2F4152502F3630393334333F66723D616C616464696E29E380815B524152505D2868747470733A2F2F6261696B652E62616964752E636F6D2F6974656D2F2545352538462538442545352539302539312545352539432542302545352539442538302545382542442541432545362538442541322545352538442538462545382541452541452F323939313831313F66726F6D7469746C653D524152502666726F6D69643D36313036383529EFBC89E380822D2D2D2DE799BEE5BAA6E799BEE7A7910D0A0D0A2A2AE8BF98E698AFE4B88AE59BBEE79086E8A7A3E79A84E5BFABEFBC9A2A2A0D0A0D0A215BE59CA8E8BF99E9878CE68F92E585A5E59BBEE78987E68F8FE8BFB05D2868747470733A2F2F696D672D626C6F672E6373646E696D672E636E2F32303230303532383039343630313130362E706E673F782D6F73732D70726F636573733D696D6167652F77617465726D61726B2C747970655F5A6D46755A33706F5A57356E6147567064476B2C736861646F775F31302C746578745F6148523063484D364C7939696247396E4C6D4E7A5A473475626D56304C334678587A517A4E7A41794D446B322C73697A655F31362C636F6C6F725F4646464646462C745F3730290D0A0D0A232320E4BB80E4B988E698AF48545450E58D8FE8AEAEEFBC9F0D0A0D0A3E2048545450E58D8FE8AEAEE79A84E4B8ADE69687E5908DE698AFEFBC8CE8B685E69687E69CACE4BCA0E8BE93E58D8FE8AEAEEFBC88487970657254657874205472616E736665722050726F746F636F6C29E698AFE4BA92E88194E7BD91E4B88AE5BA94E794A8E69C80E4B8BAE5B9BFE6B39BE79A84E4B880E7A78DE7BD91E7BB9CE58D8FE8AEAEE38082E68980E69C89E79A84575757E69687E4BBB6E983BDE5BF85E9A1BBE981B5E5AE88E8BF99E4B8AAE6A087E58786E38082E5AE83E698AF5443502F4950E58D8FE8AEAEE79A84E4B880E4B8AAE5BA94E794A8E5B182E58D8FE8AEAEEFBC8CE8A784E5AE9AE4BA86E5AEA2E688B7E7ABAFE6B58FE8A788E599A8E4B88EE69C8DE58AA1E599A8E4B98BE997B4E4BA92E79BB8E9809AE4BFA1E79A84E8A784E58899E380820D0A0D0A2A2AE7AE80E58D95E79A84E69DA5E8AFB4EFBC8C48545450E58D8FE8AEAEE5B0B1E698AFE5AEA2E688B7E7ABAFE5928CE69C8DE58AA1E599A8E4BAA4E4BA92E79A84E4B880E7A78DE9809AE8AEAFE6A0BCE5BC8FE380822A2A0D0A0D0A23232048545450E58D8FE8AEAEE79A84E7BB84E688900D0A0D0A3E2048545450E58D8FE8AEAEE794B148545450E8AFB7E6B182E5928C48545450E5938DE5BA94E7BB84E68890EFBC8CE59CA8E6B58FE8A788E599A8E8BE93E585A5E7BD91E59D80EFBC8855524CEFBC89E697B6EFBC8CE6B58FE8A788E599A8E4BC9AE68A8AE4BDA0E79A84E8AFB7E6B182E5B081E8A385E68890E4B880E4B8AA48545450E8AFB7E6B182E58F91E98081E7BB99E69C8DE58AA1E599A8E7AB99E782B9EFBC8CE69C8DE58AA1E599A8E694B6E588B0E8AFB7E6B182E5908EE4BC9AE7BB84E7BB87E5938DE5BA94E695B0E68DAEE5B081E8A385E68890E4B880E4B8AA48545450E5938DE5BA94E8BF94E8BF98E7BB99E6B58FE8A788E599A8E380820D0A0D0A20202A2A48545450E8AFB7E6B182EFBC9A2A2A0D0A20202A2AE6B58FE8A788E599A8E59091E69C8DE58AA1E599A8E8AFB7E6B182E69F90E4B8AA776562E8B584E6BA90E697B6EFBC8CE7A7B0E4B98BE4B8BAE6B58FE8A788E599A8E59091E69C8DE58AA1E599A8E58F91E98081E4BA86E4B880E4B8AA48545450E8AFB7E6B182E380822A2A0D0A2048545450E8AFB7E6B182E794B1E4B889E983A8E58886E7BB84E68890EFBC8CE58886E588ABE698AFEFBC9AE8AFB7E6B182E8A18CE38081E8AFB7E6B182E5A4B4E38081E8AFB7E6B182E4BD93EFBC9B0D0A202D20E8AFB7E6B182E8A18CE4BBA5E4B880E4B8AAE696B9E6B395E7ACA6E58FB7E5BC80E5A4B4EFBC8CE4BBA5E7A9BAE6A0BCE58886E5BC80EFBC8CE5908EE99DA2E8B79FE79D80E8AFB7E6B182E79A84555249E5928CE58D8FE8AEAEE79A84E78988E69CACE58FB7EFBC8CE6A0BCE5BC8FE5A682E4B88BEFBC9A4D6574686F6420526571756573742D55524920485454502D56657273696E2043524C46EFBC9B0D0A20E585B6E4B8AD4D6574686F64E8A1A8E7A4BAE8AFB7E6B182E696B9E6B395EFBC9B526571756573742D555249E698AFE4B880E4B8AAE7BB9FE4B880E8B584E6BA90E6A087E8AF86E7ACA6EFBC9B485454502D56657273696F6EE8A1A8E7A4BAE8AFB7E6B182E79A8448545450E58D8FE8AEAEE78988E69CACEFBC9B43524C46E8A1A8E7A4BAE59B9EE8BDA6E5928CE68DA2E8A18CEFBC88E999A4E4BA86E4BD9CE4B8BAE7BB93E5B0BEE79A8443524C46E5A496EFBC8CE4B88DE58581E8AEB8E587BAE78EB0E58D95E78BACE79A844352E688964C46E5AD97E7ACA6EFBC89E380820D0A202A2AE8AFB7E6B182E696B9E6B3952A2AEFBC88E68980E69C89E696B9E6B395E585A8E4B8BAE5A4A7E58699EFBC89E69C89E5A49AE7A78DEFBC8CE59084E4B8AAE696B9E6B395E79A84E8A7A3E9878AE5A682E4B88BEFBC9A0D0A4745542020202020E8AFB7E6B182E88EB7E58F96526571756573742D555249E68980E6A087E8AF86E79A84E8B584E6BA900D0A504F535420202020E59CA8526571756573742D555249E68980E6A087E8AF86E79A84E8B584E6BA90E5908EE99984E58AA0E696B0E79A84E695B0E68DAE0D0A4845414420202020E8AFB7E6B182E88EB7E58F96E794B1526571756573742D555249E68980E6A087E8AF86E79A84E8B584E6BA90E79A84E5938DE5BA94E6B688E681AFE68AA5E5A4B40D0A5055542020202020E8AFB7E6B182E69C8DE58AA1E599A8E5AD98E582A8E4B880E4B8AAE8B584E6BA90EFBC8CE5B9B6E794A8526571756573742D555249E4BD9CE4B8BAE585B6E6A087E8AF860D0A44454C4554452020E8AFB7E6B182E69C8DE58AA1E599A8E588A0E999A4526571756573742D555249E68980E6A087E8AF86E79A84E8B584E6BA900D0A5452414345202020E8AFB7E6B182E69C8DE58AA1E599A8E59B9EE98081E694B6E588B0E79A84E8AFB7E6B182E4BFA1E681AFEFBC8CE4B8BBE8A681E794A8E4BA8EE6B58BE8AF95E68896E8AF8AE696AD0D0A434F4E4E45435420E4BF9DE79599E5B086E69DA5E4BDBFE794A80D0A4F5054494F4E5320E8AFB7E6B182E69FA5E8AFA2E69C8DE58AA1E599A8E79A84E680A7E883BDEFBC8CE68896E88085E69FA5E8AFA2E4B88EE8B584E6BA90E79BB8E585B3E79A84E98089E9A1B9E5928CE99C80E6B1820D0A2A2AE5B8B8E794A8E79A84E5B0B1E698AF474554E5928C504F53542A2A0D0AE5BA94E794A8E4B8BEE4BE8BEFBC9A0D0A474554E696B9E6B395EFBC9AE59CA8E6B58FE8A788E599A8E79A84E59CB0E59D80E6A08FE4B8ADE8BE93E585A5E7BD91E59D80E79A84E696B9E5BC8FE8AEBFE997AEE7BD91E9A1B5E697B6EFBC882A2AE8B685E993BEE68EA52A2AEFBC89EFBC8CE6B58FE8A788E599A8E98787E794A8474554E696B9E6B395E59091E69C8DE58AA1E599A8E88EB7E58F96E8B584E6BA90EFBC8C2A2A474554E696B9E5BC8FE59CA855524CE59CB0E59D80E5908EE99984E5B8A6E79A84E58F82E695B0E698AFE69C89E99990E588B6E79A842A2AEFBC8CE585B6E695B0E68DAEE5AEB9E9878FE9809AE5B8B8E4B88DE883BDE8B685E8BF87316BE3808265673A474554202F6A6176612E68746D6C20485454502F312E31202843524C46290D0A504F5354E696B9E6B395E8A681E6B182E8A2ABE8AFB7E6B182E69C8DE58AA1E599A8E68EA5E58F97E99984E59CA8E8AFB7E6B182E5908EE99DA2E79A84E695B0E68DAEEFBC8CE5B8B8E794A8E4BA8E2A2AE68F90E4BAA4E8A1A8E58D952A2AEFBC8C2A2A504F5354E696B9E5BC8FE58FAFE4BBA5E59CA8E8AFB7E6B182E79A84E5AE9EE4BD93E58685E5AEB9E4B8ADE59091E69C8DE58AA1E599A8E58F91E98081E695B0E68DAEEFBC8CE4BCA0E98081E79A84E695B0E68DAEE9878FE697A0E99990E588B62A2AE380820D0A6567EFBC9A504F5354202F7265672E6A737020485454502F202843524C46290D0A2A2AE8AFB7E6B182E5A4B4EFBC9A2A2A0D0A4163636570743A20746578742F68746D6C2C696D6167652F2A20E38090E6B58FE8A788E599A8E5918AE8AF89E69C8DE58AA1E599A8EFBC8CE5AE83E694AFE68C81E79A84E695B0E68DAEE7B1BBE59E8BE380910D0A4163636570742D436861727365743A2049534F2D383835392D3120E38090E6B58FE8A788E599A8E5918AE8AF89E69C8DE58AA1E599A8EFBC8CE5AE83E694AFE68C81E593AAE7A78DE5AD97E7ACA6E99B86E380910D0A4163636570742D456E636F64696E673A20677A69702C636F6D707265737320E38090E6B58FE8A788E599A8E5918AE8AF89E69C8DE58AA1E599A8EFBC8CE5AE83E694AFE68C81E79A84E58E8BE7BCA9E6A0BCE5BC8FE380910D0A4163636570742D4C616E67756167653A20656E2D75732C7A682D636E20E38090E6B58FE8A788E599A8E5918AE8AF89E69C8DE58AA1E599A8EFBC8CE5AE83E79A84E8AFADE8A880E78EAFE5A283E380910D0A486F73743A207777772E69743331352E6F72673A3830E38090E6B58FE8A788E599A8E5918AE8AF89E69C8DE58AA1E599A8EFBC8CE5AE83E79A84E683B3E8AEBFE997AEE593AAE58FB0E4B8BBE69CBAE380910D0A49662D4D6F6469666965642D53696E63653A205475652C203131204A756C20323030302031383A32333A353120474D54E38090E6B58FE8A788E599A8E5918AE8AF89E69C8DE58AA1E599A8EFBC8CE7BC93E5AD98E695B0E68DAEE79A84E697B6E997B4E380910D0A526566657265723A20687474703A2F2F7777772E69743331352E6F72672F696E6465782E6A7370E38090E6B58FE8A788E599A8E5918AE8AF89E69C8DE58AA1E599A8EFBC8CE5AEA2E688B7E69CBAE698AFE4BB8EE982A3E4B8AAE9A1B5E99DA2E69DA5E79A842D2D2DE58F8DE79B97E993BEE380910D0A382E557365722D4167656E743A204D6F7A696C6C612F342E302028636F6D70617469626C653B204D53494520352E353B2057696E646F7773204E5420352E3029E38090E6B58FE8A788E599A8E5918AE8AF89E69C8DE58AA1E599A8EFBC8CE6B58FE8A788E599A8E79A84E58685E6A0B8E698AFE4BB80E4B988E380910D0A436F6F6B6965E38090E6B58FE8A788E599A8E5918AE8AF89E69C8DE58AA1E599A8EFBC8CE5B8A6E69DA5E79A84436F6F6B6965E698AFE4BB80E4B988E380910D0A436F6E6E656374696F6E3A20636C6F73652F4B6565702D416C69766520E38090E6B58FE8A788E599A8E5918AE8AF89E69C8DE58AA1E599A8EFBC8CE8AFB7E6B182E5AE8CE5908EE698AFE696ADE5BC80E993BEE68EA5E8BF98E698AFE4BF9DE68C81E993BEE68EA5E380910D0A446174653A205475652C203131204A756C20323030302031383A32333A353120474D54E38090E6B58FE8A788E599A8E5918AE8AF89E69C8DE58AA1E599A8EFBC8CE8AFB7E6B182E79A84E697B6E997B4E380910D0A0D0A20202A2A48545450E5938DE5BA94EFBC9A2A2A0D0A202A2AE4B880E4B8AA48545450E5938DE5BA94E4BBA3E8A1A8E79D80E69C8DE58AA1E599A8E59091E6B58FE8A788E599A8E59B9EE98081E695B0E68DAE2A2A0D0A48545450E5938DE5BA94E68AA5E69687E4B99FE794B1E4B889E983A8E58886E7BB84E68890EFBC8CE58886E588ABE698AFEFBC9AE5938DE5BA94E8A18CE38081E5938DE5BA94E5A4B4E38081E5938DE5BA94E4BD93EFBC9B0D0A0D0A202D202A2AE5938DE5BA94E8A18C2A2AE79A84E6A0BCE5BC8FEFBC9A48545450E78988E69CACE58FB720E78AB6E68081E7A08120E58E9FE59BA0E58F99E8BFB00D0A202020202020202020202020202020202020202020202020202020206567EFBC9A485454502F312E3120323030204F4B0D0A20202020202020202020202020202020202020202020202020202020E78AB6E68081E7A081E8A1A8E7A4BA2A2AE69C8DE58AA1E599A8E5AFB9E8AFB7E6B182E79A84E5A484E79086E7BB93E69E9C2A2AEFBC8CE794B1E4B889E4BD8DE58D81E8BF9BE588B6E695B0E69E84E68890E38082E58886E4B8BAE4BA94E7B1BBEFBC9A0D0A20202020202020202020202020202020202020202020202020202020215BE59CA8E8BF99E9878CE68F92E585A5E59BBEE78987E68F8FE8BFB05D2868747470733A2F2F696D672D626C6F672E6373646E696D672E636E2F32303230303530363130323632353534382E6A70673F782D6F73732D70726F636573733D696D6167652F77617465726D61726B2C747970655F5A6D46755A33706F5A57356E6147567064476B2C736861646F775F31302C746578745F6148523063484D364C7939696247396E4C6D4E7A5A473475626D56304C334678587A517A4E7A41794D446B322C73697A655F31362C636F6C6F725F4646464646462C745F3730290D0A0D0A202D202A2AE5938DE5BA94E5A4B4EFBC9A2A2A0D0A4C6F636174696F6E3A20687474703A2F2F7777772E69743331352E6F72672F696E6465782E6A737020E38090E69C8DE58AA1E599A8E5918AE8AF89E6B58FE8A788E599A8E8A681E8B7B3E8BDACE588B0E593AAE4B8AAE9A1B5E99DA2E380910D0A5365727665723A61706163686520746F6D636174E38090E69C8DE58AA1E599A8E5918AE8AF89E6B58FE8A788E599A8EFBC8CE69C8DE58AA1E599A8E79A84E59E8BE58FB7E698AFE4BB80E4B988E380910D0A436F6E74656E742D456E636F64696E673A20677A697020E38090E69C8DE58AA1E599A8E5918AE8AF89E6B58FE8A788E599A8E695B0E68DAEE58E8BE7BCA9E79A84E6A0BCE5BC8FE380910D0A436F6E74656E742D4C656E6774683A20383020E38090E69C8DE58AA1E599A8E5918AE8AF89E6B58FE8A788E599A8E59B9EE98081E695B0E68DAEE79A84E995BFE5BAA6E380910D0A436F6E74656E742D4C616E67756167653A207A682D636E20E38090E69C8DE58AA1E599A8E5918AE8AF89E6B58FE8A788E599A8EFBC8CE69C8DE58AA1E599A8E79A84E8AFADE8A880E78EAFE5A283E380910D0A436F6E74656E742D547970653A20746578742F68746D6C3B20636861727365743D47423233313220E38090E69C8DE58AA1E599A8E5918AE8AF89E6B58FE8A788E599A8EFBC8CE59B9EE98081E695B0E68DAEE79A84E7B1BBE59E8BE380910D0A4C6173742D4D6F6469666965643A205475652C203131204A756C20323030302031383A32333A353120474D54E38090E69C8DE58AA1E599A8E5918AE8AF89E6B58FE8A788E599A8E8AFA5E8B584E6BA90E4B88AE6ACA1E69BB4E696B0E697B6E997B4E380910D0A526566726573683A20313B75726C3D687474703A2F2F7777772E69743331352E6F7267E38090E69C8DE58AA1E599A8E5918AE8AF89E6B58FE8A788E599A8E8A681E5AE9AE697B6E588B7E696B0E380910D0A436F6E74656E742D446973706F736974696F6E3A206174746163686D656E743B2066696C656E616D653D6161612E7A6970E38090E69C8DE58AA1E599A8E5918AE8AF89E6B58FE8A788E599A8E4BBA5E4B88BE8BDBDE696B9E5BC8FE68993E5BC80E695B0E68DAEE380910D0A5472616E736665722D456E636F64696E673A206368756E6B656420E38090E69C8DE58AA1E599A8E5918AE8AF89E6B58FE8A788E599A8E695B0E68DAEE4BBA5E58886E59D97E696B9E5BC8FE59B9EE98081E380910D0A5365742D436F6F6B69653A53533D51303D354C625F6E513B20706174683D2F736561726368E38090E69C8DE58AA1E599A8E5918AE8AF89E6B58FE8A788E599A8E8A681E4BF9DE5AD98436F6F6B6965E380910D0A457870697265733A202D31E38090E69C8DE58AA1E599A8E5918AE8AF89E6B58FE8A788E599A8E4B88DE8A681E8AEBEE7BDAEE7BC93E5AD98E380910D0A43616368652D436F6E74726F6C3A206E6F2D636163686520E38090E69C8DE58AA1E599A8E5918AE8AF89E6B58FE8A788E599A8E4B88DE8A681E8AEBEE7BDAEE7BC93E5AD98E380910D0A507261676D613A206E6F2D636163686520E38090E69C8DE58AA1E599A8E5918AE8AF89E6B58FE8A788E599A8E4B88DE8A681E8AEBEE7BDAEE7BC93E5AD98E380910D0A436F6E6E656374696F6E3A20636C6F73652F4B6565702D416C69766520E38090E69C8DE58AA1E599A8E5918AE8AF89E6B58FE8A788E599A8E8BF9EE68EA5E696B9E5BC8FE380910D0A446174653A205475652C203131204A756C20323030302031383A32333A353120474D54E38090E69C8DE58AA1E599A8E5918AE8AF89E6B58FE8A788E599A8E59B9EE98081E695B0E68DAEE79A84E697B6E997B4E380910D0A0D0A23232048545450E79BAEE5898DE79A84E78988E69CACE4BBA5E58F8AE585B6E789B9E680A7EFBC9A0D0A2A2A48545450312E303A2A2A0D0A0D0A3E20E59CA8E8AFA5E58D8FE8AEAEE4B88BEFBC8CE5AEA2E688B7E7ABAFE4B88E776562E69C8DE58AA1E599A8E5BBBAE7AB8BE8BF9EE68EA5E5908EEFBC8CE58FAAE883BDE4BF9DE68C81E4B880E7A78D2A2AE79FADE69A82E79A84E8BF9EE68EA52A2AEFBC88E88EB7E5BE97E4B880E4B8AA776562E8B584E6BA90EFBC89EFBC8CE785A7E68890E8BF9EE68EA5E697A0E6B395E5A48DE794A8EFBC8CE59BA0E6ADA4E6AF8FE6ACA1E58F91E98081E8AFB7E6B182E983BDE99C80E8A681E8BF9BE8A18CE4B880E6ACA1544350E79A84E8BF9EE68EA5EFBC8CE8808C544350E79A84E8BF9EE68EA5E9878AE694BEE8BF87E7A88BE58F88E698AFE6AF94E8BE83E8B4B9E4BA8BE79A84EFBC8CE5AFBCE887B4E7BD91E7BB9CE79A84E588A9E794A8E78E87E99D9EE5B8B8E4BD8EE38082E38090E79FADE8BF9EE68EA5EFBC8CE88EB7E58F96E8B584E6BA90E5908EE5B0B1E696ADE5BC80E8BF9EE68EA5E380910D0A3E20E585B6E6ACA1E5AE83E8BF98E69C892A2AE9989FE5A4B4E998BBE5A19E2A2AEFBC8868656164206F66206C696E65626C6F636B696E67EFBC89E79A84E997AEE9A298EFBC8CE59BA0E4B8BAE59CA848545450312E30E8A784E5AE9AE4B8ADEFBC8CE4B88BE4B880E4B8AAE8AFB7E6B182E5BF85E9A1BBE59CA8E5898DE4B880E4B8AAE8AFB7E6B182E5938DE5BA94E588B0E8BEBEE4B98BE5898DE6898DE883BDE58F91E98081E38082E5A682E69E9CE5898DE4B880E4B8AAE8AFB7E6B182E79A84E5938DE5BA94E4B880E79BB4E8BEBEE4B88DE588B0E79A84E8AF9DEFBC8CE982A3E4B988E4B88BE4B880E4B8AAE8AFB7E6B182E5B0B1E4B88DE4BC9AE58F91E98081EFBC8CE5908CE6A0B7E79A84E5908EE99DA2E79A84E8AFB7E6B182E4B99FE7BB99E998BBE5A19EE4BA86E380820D0A0D0A2A2A48545450312E313A2A2A0D0A0D0A3E20E79C8BE5908DE5AD97E5B0B1E58FAFE4BBA5E79FA5E98193EFBC8C48545450312E31E698AFE4B8BAE4BA86E5858BE69C8D48545450312E30E79A84E7BCBAE782B9E8808CE587BAE78EB0E79A84E58D87E7BAA7E78988E38082E5AE83E4B88DE4BB85E7BBA7E689BFE4BA8648545450312E30E7AE80E58D95E79A84E789B9E782B9EFBC8CE8BF98E5858BE69C8DE4BA86E8AFB8E5A49A48545450312E30E680A7E883BDE4B88AE79A84E997AEE9A298E380820D0A3E20E9A696E58588EFBC8C48545450312E31E694AFE68C812A2AE68C81E4B985E8BF9EE68EA52A2AEFBC8848545450312E31E9BB98E8AEA4E4BDBFE794A8E5B8A6E6B581E6B0B4E7BABFE79A84E68C81E4B985E8BF9EE68EA5EFBC89EFBC8CE59CA8E4B880E4B8AA544350E8BF9EE68EA5E4B88AE58FAFE4BBA5E4BCA0E98081E5A49AE4B8AA48545450E8AFB7E6B182E5928CE5938DE5BA94EFBC88E88EB7E58F96E5A49AE4B8AA776562E8B584E6BA90EFBC89EFBC8CE5878FE5B091E4BA86E5BBBAE7AB8BE5928CE585B3E997ADE79A84E6B688E88097E5928CE5BBB6E8BF9FE38082E59CA848545450312E31E4B8ADEFBC8C72657175657374E5928C7265706F6E7365E5A4B4E4B8ADE983BDE69C89E58FAFE883BDE587BAE78EB0E4B880E4B8AA636F6E6E656374696F6EE79A84E5A4B4EFBC8CE9809AE8BF87E8AEBEE7BDAE4B6565702D416C697665E58FAFE4BBA5E4BF9DE68C8148545450E8BF9EE68EA5E4B88DE696ADE5BC80E981BFE5858DE4BA86E6AF8FE6ACA1E5AEA2E688B7E7ABAFE4B88EE69C8DE58AA1E599A8E8AFB7E6B182E983BDE8A681E9878DE5A48DE5BBBAE7AB8BE9878AE694BEE5BBBAE7AB8B544350E8BF9EE68EA5EFBC8CE68F90E9AB98E4BA86E7BD91E7BB9CE79A84E588A9E794A8E78E87E38082E5A682E69E9CE5AEA2E688B7E7ABAFE683B3E585B3E997AD48545450E8BF9EE68EA5EFBC8CE58FAFE4BBA5E59CA8E8AFB7E6B182E5A4B4E4B8ADE690BAE5B8A6436F6E6E656374696F6E3A2066616C7365E69DA5E5918AE79FA5E69C8DE58AA1E599A8E585B3E997ADE8AFB7E6B182E380820D0A3E20E585B6E6ACA1EFBC8C48545450312E30E694AFE68C81E8AFB7E6B1822A2AE7AEA1E7BABFE58C962A2AEFBC88706970656C696E696E67EFBC89E38082E59FBAE4BA8E48545450312E31E68C81E4B985E8BF9EE68EA5E79A84E789B9E680A7EFBC8CE4BDBFE5BE97E8AFB7E6B182E7AEA1E7BABFE58C96E68890E4B8BAE4BA86E58FAFE883BDE38082E7AEA1E7BABFE58C96E4BDBFE5BE97E8AFB7E6B182E883BDE5A49FE2809CE5B9B6E8A18CE2809DE4BCA0E8BE93E380820D0A0D0A2A2A48545450322E30EFBC9A2A2A0D0A0D0A3E20E8BF99E4B8AAE5B0B1E698AF48545450312E31E79A84E58D87E7BAA7E78988EFBC8CE69C89E4BBA5E4B88BE696B0E789B9E680A7EFBC9A200D0A3E20E4BA8CE8BF9BE588B6E58886E5B8A7200D0A3E20E5A49AE8B7AFE5A48DE794A8EFBC88E8BF9EE68EA5E585B1E4BAABEFBC89200D0A3E20E5A4B4E983A8E58E8BE7BCA9200D0A3E20E69C8DE58AA1E599A8E68EA8E980810D0A0D0A2A2AE680BBE7BB93EFBC9A2A2A0D0A0D0A2A2A48545450312E30EFBC9A2A2A0D0A202D20E697A0E78AB6E680810D0A202D20E697A0E8BF9EE68EA50D0A0D0A0D0A2A2A48545450312E31EFBC9A2A2A0D0A0D0A202D20E68C81E4B985E58C96E8BF9EE68EA50D0A202D20E8AFB7E6B182E7AEA1E7BABFE58C960D0A202D20E5A29EE58AA0E7BC93E5AD98E5A484E79086EFBC88E696B0E79A84E5AD97E6AEB5E5A68263616368652D636F6E74726F6CEFBC890D0A202D20E5A29EE58AA0486F7374E5AD97E6AEB5E38081E694AFE68C81E696ADE782B9E4BCA0E8BE93E7AD890D0A200D0A2A2A48545450322E30EFBC9A2A2A0D0A202D20E4BA8CE8BF9BE588B6E58886E5B8A70D0A202D20E5A49AE8B7AFE5A48DE794A8EFBC88E8BF9EE68EA5E585B1E4BAABEFBC890D0A202D20E5A4B4E983A8E58E8BE7BCA90D0A202D20E69C8DE58AA1E599A8E68EA8E980810D0A200D0A202A2AE58F82E88083EFBC9A2A2A0D0A205B68747470733A2F2F7365676D656E746661756C742E636F6D2F612F313139303030303031333032383739383F75746D5F736F757263653D7461672D6E65776573745D2868747470733A2F2F7365676D656E746661756C742E636F6D2F612F313139303030303031333032383739383F75746D5F736F757263653D7461672D6E6577657374290D0A0D0A205B68747470733A2F2F7777772E6A69616E7368752E636F6D2F702F3532643836353538636135375D2868747470733A2F2F7777772E6A69616E7368752E636F6D2F702F353264383635353863613537290D0A0D0A5B68747470733A2F2F626C6F672E6373646E2E6E65742F77656978696E5F33383038373533382F61727469636C652F64657461696C732F38323833383736325D2868747470733A2F2F626C6F672E6373646E2E6E65742F77656978696E5F33383038373533382F61727469636C652F64657461696C732F3832383338373632290D0A0D0A, '2020-09-03 19:55:25', 0x68747470733A2F2F7373312E62647374617469632E636F6D2F37306346755853685F5131596E78476B706F574B314846366868792F69742F753D333331343636383136382C36373739363531323926666D3D32362667703D302E6A7067, '', '', '', '', 'Java Web学习之路--HTTP协议', '2020-09-03 20:03:21', '1', '16', '1', 'Http协议是学习JavaWeb的基础');
INSERT INTO `t_blog` VALUES ('13', '', '\0', 0x215BE59CA8E8BF99E9878CE68F92E585A5E59BBEE78987E68F8FE8BFB05D2868747470733A2F2F696D672D626C6F672E6373646E696D672E636E2F32303230303530343131303630363439372E6A70673F782D6F73732D70726F636573733D696D6167652F77617465726D61726B2C747970655F5A6D46755A33706F5A57356E6147567064476B2C736861646F775F31302C746578745F6148523063484D364C7939696247396E4C6D4E7A5A473475626D56304C334678587A517A4E7A41794D446B322C73697A655F31362C636F6C6F725F4646464646462C745F3730290D0A546F6D636174E69C8DE58AA1E599A8E698AFE4B880E4B8AAE5858DE8B4B9E5BC80E6BA90E79A84576562E5BA94E794A8E69C8DE58AA1E599A8EFBC8CE5B19EE4BA8EE8BDBBE9878FE7BAA7E5BA94E794A8E69C8DE58AA1E599A8EFBC8CE698AFE5BC80E58F91E5928CE8B083E8AF954A5350E79A84E9A696E98089E380822D2D2D2D2DE799BEE5BAA6E799BEE7A7910D0A2A2AE68891E5AFB9E4BA8EE5AE83E79A84E79086E8A7A3E698AFEFBC8C4A5350E5928C536572766C6574E79A84E4B880E4B8AAE5AEB9E599A8E380822A2A0D0AE982A3E4B988546F6D636174E588B0E5BA95E698AFE5B9B2E4BB80E4B988E79A84E591A2EFBC9F0D0AE5A4A7E5AEB6E697A2E784B6E68EA5E8A7A6E8BF8748544D4CE982A3E4B988E5B0B1E79FA5E98193EFBC8CE68891E4BBACE68980E58699E79A84E4BBA3E7A081E69687E4BBB6EFBC8CE58FAAE883BDE59CA8E69CACE69CBAE8BF90E8A18CE5928CE887AAE5B7B1E8AEBFE997AEEFBC8C2A2AE8808CE9809AE8BF87546F6D636174E588ABE4BABAE5B0B1E58FAFE4BBA5E8BF9CE7A88BE8AEBFE997AEE4BDA0E79A84E7958CE99DA2E380822A2A0D0A0D0A215BE59CA8E8BF99E9878CE68F92E585A5E59BBEE78987E68F8FE8BFB05D2868747470733A2F2F696D672D626C6F672E6373646E696D672E636E2F32303230303530343138353031393838302E706E673F782D6F73732D70726F636573733D696D6167652F77617465726D61726B2C747970655F5A6D46755A33706F5A57356E6147567064476B2C736861646F775F31302C746578745F6148523063484D364C7939696247396E4C6D4E7A5A473475626D56304C334678587A517A4E7A41794D446B322C73697A655F31362C636F6C6F725F4646464646462C745F3730290D0A0D0AE4B88AE59BBEE79C8BE4B88DE5A4AAE68782E6B2A1E585B3E7B3BBEFBC8CE59CA8E5ADA6E4B9A0E4BA86736572766C6574EFBC8CE4BA86E8A7A372657175657374E5928C726573706F6E7365E5AFB9E8B1A1E5908EE887AAE784B6E5B0B1E6988EE799BDE4BA86E380820D0A2A2A546F6D636174E79A84E79BAEE5BD95E7BB93E69E84EFBC9A2A2A0D0A215BE59CA8E8BF99E9878CE68F92E585A5E59BBEE78987E68F8FE8BFB05D2868747470733A2F2F696D672D626C6F672E6373646E696D672E636E2F32303230303530343139323930353430352E706E673F782D6F73732D70726F636573733D696D6167652F77617465726D61726B2C747970655F5A6D46755A33706F5A57356E6147567064476B2C736861646F775F31302C746578745F6148523063484D364C7939696247396E4C6D4E7A5A473475626D56304C334678587A517A4E7A41794D446B322C73697A655F31362C636F6C6F725F4646464646462C745F3730290D0AE585B7E4BD93E79A84E5AE89E8A385E5928CE9858DE7BDAEE6ADA5E9AAA4E68891E5B0B1E4B88DE8BF87E5A49AE99890E8BFB0E4BA86E380820D0A0D0A, '2020-09-03 19:57:00', 0x68747470733A2F2F7373312E62647374617469632E636F6D2F37306346765853685F5131596E78476B706F574B314846366868792F69742F753D323731363539373031322C36303633323530383326666D3D32362667703D302E6A7067, '', '', '', '', 'Java Web学习之路--Tomcat', '2020-09-03 19:57:00', '0', '16', '1', 'Tomcat入门了解篇...');
INSERT INTO `t_blog` VALUES ('14', '', '\0', 0x7E7E2A2AE4BB8EE4BB8AE5A4A9E5BC80E5A78BE68891E4BBACE7AE97E698AFE6ADA3E5BC8FE5BC80E5A78BE4BBA3E7A081E983A8E58886E4BA86E4BA86E380822A2A7E7E200D0A0D0A232320536572766C6574E698AFE4BB80E4B988EFBC9F0D0A536572766C6574E585A8E7A7B04A61766120536572766C6574EFBC8CE698AFE4B880E7A78DE794A82A2A4A617661E7BC96E58699E79A84E69C8DE58AA1E599A8E7ABAFE7A88BE5BA8F2A2AE38082536572766C6574E794B1E69C8DE58AA1E599A8E8B083E794A8EFBC8CE8BF90E8A18CE59CA8E69C8DE58AA1E599A8E7ABAFE380822A2A536572766C6574E79A84E4B8BBE8A681E58A9FE883BDE59CA8E4BA8EE4BAA4E4BA92E5BC8FE79A84E6B58FE8A788E5928CE4BFAEE694B9E695B0E68DAEEFBC8CE7949FE68890E58AA8E68081576562E58685E5AEB9E380822A2AE6AF94E5A682E7BD91E4B88AE8818AE5A4A9E38081E8AF84E8AEBAE8BF99E4BA9BE4BAA4E4BA92E58A9FE883BDE380822A2AE78BADE4B989E79A84536572766C6574E698AFE68C874A617661E8AFADE8A880E5AE9EE78EB0E79A84E4B880E4B8AAE68EA5E58FA3EFBC8CE5B9BFE4B989E79A84536572766C6574E698AFE68C87E4BBBBE4BD95E5AE9EE78EB0E4BA86E8BF99E4B8AA536572766C6574E68EA5E58FA3E79A84E7B1BBE380822A2A0D0A0D0A0D0A232320536572766C6574E79A84E4BD9CE794A8EFBC9A0D0A2A2A536572766C6574E697A2E784B6E698AFE68EA5E58FA3EFBC8CE982A3E4B988E5AE83E5B0B1E698AFE8B5B7E588B0E8A784E88C83E4BD9CE794A8E380822A2A0D0A536572766C6574E68EA5E58FA3E5AE9AE4B989E79A84E698AFE4B880E5A597E5A484E79086E7BD91E7BB9CE8AFB7E6B182E79A84E8A784E88C83EFBC8CE68980E69C89E5AE9EE78EB0536572766C6574E79A84E7B1BBEFBC8CE983BDE99C80E8A681E5AE9EE78EB0E5AE83E79A84E4BA94E4B8AAE696B9E6B395E380820D0A215BE59CA8E8BF99E9878CE68F92E585A5E59BBEE78987E68F8FE8BFB05D2868747470733A2F2F696D672D626C6F672E6373646E696D672E636E2F32303230303530363131313632393432332E706E67290D0AE585B6E4B8ADE69C80E9878DE8A681E79A84E698AF2A2AE4B8A4E4B8AAE7949FE591BDE591A8E69C9FE696B9E6B39520696E69742829E5928C646573746F72792829EFBC8CE8BF98E69C89E4B880E4B8AAE5A484E79086E8AFB7E6B182E79A847365727669636528292A2AEFBC8CE59BA0E6ADA4E68980E69C89E5AE9EE78EB0536572766C6574E68EA5E58FA3E79A84E7B1BBEFBC8CE68896E88085E8AFB4EFBC8CE68980E69C89E683B3E8A681E5A484E79086E7BD91E7BB9CE8AFB7E6B182E79A84E7B1BBEFBC8CE983BDE99C80E8A681E59B9EE7AD94E8BF99E4B889E4B8AAE997AEE9A298EFBC9A0D0A0D0A202D20E5889DE5A78BE58C96E697B6E5819AE4BB80E4B988EFBC9F0D0A202D20E99480E6AF81E697B6E5819AE4BB80E4B988EFBC9F0D0A202D20E68EA5E58F97E588B0E8AFB7E6B182E697B6E5819AE4BB80E4B988EFBC9F0D0A200D0A20E9809AE8BF87576562E69C8DE58AA1E599A8E698A0E5B084E79A8455524CE8AEBFE997AEE8B584E6BA90EFBC8CE99C80E8A681E7BB8FE58E86E4B889E4B8AAE8BF87E7A88BEFBC9A0D0A202D20E68EA5E58F97E8AFB7E6B1820D0A202D20E5A484E79086E8AFB7E6B1820D0A202D20E5938DE5BA94E8AFB7E6B1820D0A200D0A2A2AE982A3E4B988536572766C6574E883BDE79BB4E68EA5E5A484E79086E8AFB7E6B182E59097EFBC9F0D0AE7AD94E6A188E698AFEFBC8CE4B88DE883BDE380822A2A0D0A2A2A536572766C6574E698AFE4B88DE4BC9AE79BB4E68EA5E5928CE5AEA2E688B7E7ABAFE68993E4BAA4E98193E79A84EFBC8C546F6D636174E6898DE698AFE982A3E4B8AAE5928CE5AEA2E688B7E7ABAFE79BB4E68EA5E68993E4BAA4E98193E79A84E5AEB6E4BC992A2A0D0A546F6D636174E79B91E590ACE4BA86E7ABAFE58FA3EFBC8CE8AFB7E6B182E8BF87E69DA5E5908EEFBC8CE6A0B9E68DAE55524CE7AD89E4BFA1E681AFEFBC8CE7A1AEE5AE9AE8A681E5B086E8AFB7E6B182E4BAA4E7BB99E593AAE4B8AA536572766C6574E58EBBE5A484E79086EFBC8CE784B6E5908EE8B083E794A8E982A3E4B8AA536572766C6574E79A84736572766963652829EFBC8C736572766963652829E4BC9AE8BF94E59B9EE4B880E4B8AA726573706F6E7365E5AFB9E8B1A1EFBC8C546F6D636174E5868DE68A8AE8BF99E4B8AA726573706F6E7365E8BF94E59B9EE7BB99E5AEA2E688B7E7ABAFE380820D0A0D0A536572766C6574E5B8A6E7BB99E68891E4BBACE79A84E69C80E5A4A7E79A84E4BD9CE794A8E5B0B1E698AFE883BDE5A49F2A2AE5A484E79086E6B58FE8A788E599A8E5B8A6E69DA5E79A8448545450E8AFB7E6B182EFBC8CE5B9B6E8BF94E59B9EE4B880E4B8AAE5938DE5BA94E7BB99E6B58FE8A788E599A8EFBC8CE4BB8EE8808CE5AE9EE78EB0E6B58FE8A788E599A8E79A84E69C8DE58AA1E599A8E79A84E4BAA4E4BA92E380822A2A0D0A0D0A232320536572766C6574E79A84E5AE9EE78EB0EFBC9A0D0AE5889BE5BBBA4D79736572766C6574E7B1BBEFBC8CE5AE9EE78EB0536572766C6574E68EA5E58FA3E380820D0A6060606A6176610D0A696D706F7274206A6176612E696F2E494F457863657074696F6E3B0D0A0D0A696D706F7274206A617661782E736572766C65742E536572766C65743B0D0A696D706F7274206A617661782E736572766C65742E536572766C6574436F6E6669673B0D0A696D706F7274206A617661782E736572766C65742E536572766C6574457863657074696F6E3B0D0A696D706F7274206A617661782E736572766C65742E536572766C6574526571756573743B0D0A696D706F7274206A617661782E736572766C65742E536572766C6574526573706F6E73653B0D0A0D0A7075626C696320636C617373204D79736572766C657420696D706C656D656E747320536572766C6574207B0D0A2F2A0D0A202A20536572636C6574E9858DE7BDAE0D0A202A20286E6F6E2D4A617661646F63290D0A202A2040736565206A617661782E736572766C65742E536572766C657423676574536572766C6574436F6E66696728290D0A202A2F0D0A09404F766572726964650D0A097075626C696320536572766C6574436F6E66696720676574536572766C6574436F6E6669672829207B0D0A09092F2F20544F444F204175746F2D67656E657261746564206D6574686F6420737475620D0A090972657475726E206E756C6C3B0D0A097D0D0A2F2A0D0A202A20536572766C6574E4BFA1E681AF0D0A202A20286E6F6E2D4A617661646F63290D0A202A2040736565206A617661782E736572766C65742E536572766C657423676574536572766C6574496E666F28290D0A202A2F0D0A09404F766572726964650D0A097075626C696320537472696E6720676574536572766C6574496E666F2829207B0D0A09092F2F20544F444F204175746F2D67656E657261746564206D6574686F6420737475620D0A090972657475726E206E756C6C3B0D0A097D0D0A2F2A0D0A202A20E5889DE5A78BE58C960D0A202A20286E6F6E2D4A617661646F63290D0A202A2040736565206A617661782E736572766C65742E536572766C657423696E6974286A617661782E736572766C65742E536572766C6574436F6E666967290D0A202A2F0D0A09404F766572726964650D0A097075626C696320766F696420696E697428536572766C6574436F6E666967206172673029207468726F777320536572766C6574457863657074696F6E207B0D0A09092F2F20544F444F204175746F2D67656E657261746564206D6574686F6420737475620D0A09090D0A097D0D0A2F2A0D0A202A20E69C8DE58AA10D0A202A20286E6F6E2D4A617661646F63290D0A202A2040736565206A617661782E736572766C65742E536572766C65742373657276696365286A617661782E736572766C65742E536572766C6574526571756573742C206A617661782E736572766C65742E536572766C6574526573706F6E7365290D0A202A2F0D0A09404F766572726964650D0A097075626C696320766F6964207365727669636528536572766C65745265717565737420617267302C20536572766C6574526573706F6E7365206172673129207468726F777320536572766C6574457863657074696F6E2C20494F457863657074696F6E207B0D0A09092F2F20544F444F204175746F2D67656E657261746564206D6574686F6420737475620D0A09090D0A097D0D0A090D0A2F2A0D0A202A20E99480E6AF810D0A2A20286E6F6E2D4A617661646F63290D0A2A2040736565206A617661782E736572766C65742E536572766C65742364657374726F7928290D0A2A2F0D0A09404F766572726964650D0A097075626C696320766F69642064657374726F792829207B0D0A09202020202F2F20544F444F204175746F2D67656E657261746564206D6574686F6420737475620D0A09090D0A09090D0A097D090D0A7D0D0A0D0A6060600D0A2A2AE4BBA5E68891E4BBACE5A4A7E5AEB6E7869FE68289E79A8448656C6C6F7720576F7264E4B8BAE4BE8B2A2A0D0A0D0A6060606A6176610D0A097075626C696320766F6964207365727669636528536572766C65745265717565737420726571756573742C20536572766C6574526573706F6E736520726573706F6E736529207468726F777320536572766C6574457863657074696F6E2C20494F457863657074696F6E207B0D0A09092F2F20544F444F204175746F2D67656E657261746564206D6574686F6420737475620D0A0909726573706F6E73652E736574436F6E74656E74547970652822746578742F68746D6C3B636861727365743D5554462D3822293B2F2FE998B2E6ADA2E4B9B1E7A0810D0A09095072696E74577269746572206F75743D726573706F6E73652E67657457726974657228293B0D0A09096F75742E7072696E746C6E282248656C6C6F7720576F726422293B0D0A097D0D0A6060600D0A2A2AE68EA5E4B88BE69DA5E5B0B1E698AFE9858DE7BDAE786D6CE69687E4BBB6EFBC8CE8AEA9546F6D636174E79FA5E98193E5A682E4BD95E8B083E794A8536572766C6574EFBC9A2A2A0D0A0D0A6060606A6176610D0A20203C212D2D20E5A3B0E6988E536572766C6574E5AFB9E8B1A1202D2D3E0D0A20203C736572766C65743E0D0A20203C212D2D20E68C87E5AE9A536572766C6574E5AFB9E8B1A1E79A84E5908DE7A7B0EFBC8CE4B880E888ACE4B8BAE7B1BBE5908D202D2D3E0D0A20203C736572766C65742D6E616D653E4D79736572766C65743C2F736572766C65742D6E616D653E0D0A20203C212D2D20E68C87E5AE9A536572766C6574E5AFB9E8B1A1E79A84E5AE8CE695B4E4BD8DE7BDAEEFBC8CE58C85E590AB536572766C6574E5AFB9E8B1A1E79A84E58C85E5908DE5928CE7B1BBE5908D202D2D3E0D0A20203C736572766C65742D636C6173733E536572766C65742E4D79736572766C65743C2F736572766C65742D636C6173733E0D0A20203C2F736572766C65743E0D0A20200D0A20203C212D2D20E698A0E5B084536572766C6574202D2D3E0D0A20203C736572766C65742D6D617070696E673E0D0A20203C212D2DE4B88E536572766C6574E5AFB9E8B1A1E4B8ADE4BF9DE68C81E4B880E887B42D2D3E0D0A20203C736572766C65742D6E616D653E4D79736572766C65743C2F736572766C65742D6E616D653E0D0A20203C212D2DE794A8E4BA8EE698A0E5B084E8AEBFE997AE55524CEFBC8CE5A496E7958CE8AEBFE997AE4D79736572766C6574E79A84E8B7AFE5BE842D2D3E0D0A20203C75726C2D7061747465726E3E2F4D79736572766C65743C2F75726C2D7061747465726E3E0D0A20203C2F736572766C65742D6D617070696E673E0D0A6060600D0A2A2AE68EA5E4B88BE69DA5E5B0B1E698AFE9809AE8BF87E6B58FE8A788E599A8E8AEBFE997AEE8AFA5536572766C6574EFBC9A2A2A0D0A215BE59CA8E8BF99E9878CE68F92E585A5E59BBEE78987E68F8FE8BFB05D2868747470733A2F2F696D672D626C6F672E6373646E696D672E636E2F32303230303530373133313735393233392E706E67290D0A0D0A2A2A3D3DEFBC81EFBC81EFBC81E8BF99E9878CE68F90E98692E4B880E4B88BEFBC8CE4B88DE8A681E4BB8E65636C69707365E68993E5BC80736572766C6574EFBC8CE58FAFE883BDE4BC9AE5AFBCE887B4736572766963652829E696B9E6B395E8A2ABE8B083E794A8E4B8A4E6ACA1E380823D3D2A2A0D0A232320536572766C6574E79A84E7949FE591BDE591A8E69C9FEFBC9A0D0A0D0A6060606A6176610D0A7075626C696320636C617373204D79736572766C657420696D706C656D656E747320536572766C6574207B0D0A0D0A09404F766572726964650D0A097075626C696320766F69642064657374726F792829207B0D0A09092F2F20544F444F204175746F2D67656E657261746564206D6574686F6420737475620D0A202020202020202053797374656D2E6F75742E7072696E746C6E2822536572766C6574E6ADA3E59CA8E99480E6AF8122293B0D0A097D0D0A0D0A09404F766572726964650D0A097075626C696320536572766C6574436F6E66696720676574536572766C6574436F6E6669672829207B0D0A09092F2F20544F444F204175746F2D67656E657261746564206D6574686F6420737475620D0A090972657475726E206E756C6C3B0D0A097D0D0A0D0A09404F766572726964650D0A097075626C696320537472696E6720676574536572766C6574496E666F2829207B0D0A09092F2F20544F444F204175746F2D67656E657261746564206D6574686F6420737475620D0A090972657475726E206E756C6C3B0D0A097D0D0A0D0A09404F766572726964650D0A097075626C696320766F696420696E697428536572766C6574436F6E66696720636F6E66696729207468726F777320536572766C6574457863657074696F6E207B0D0A09092F2F20544F444F204175746F2D67656E657261746564206D6574686F6420737475620D0A202020202020202053797374656D2E6F75742E7072696E746C6E2822536572766C6574E6ADA3E59CA8E5889DE5A78BE58C9622293B0D0A097D0D0A0D0A09404F766572726964650D0A097075626C696320766F6964207365727669636528536572766C65745265717565737420726571756573742C20536572766C6574526573706F6E736520726573706F6E736529207468726F777320536572766C6574457863657074696F6E2C20494F457863657074696F6E207B0D0A09092F2F20544F444F204175746F2D67656E657261746564206D6574686F6420737475620D0A092020202053797374656D2E6F75742E7072696E746C6E2822536572766C6574E6ADA3E59CA8E68F90E4BE9BE69C8DE58AA122293B0D0A097D0D0A090D0A7D0D0A6060600D0A2A2AE8BF90E8A18CE7BB93E69E9CEFBC9A2A2A0D0A0D0A20312E20E7ACACE4B880E6ACA1E8AEBFE997AEEFBC9AE68891E4BBACE58F91E78EB0696E69742829E5928C736572766963652829E696B9E6B395E983BDE8A2ABE8B083E794A80D0A215BE59CA8E8BF99E9878CE68F92E585A5E59BBEE78987E68F8FE8BFB05D2868747470733A2F2F696D672D626C6F672E6373646E696D672E636E2F32303230303530373133323232313831392E706E67290D0A20322E20E7ACACE4BA8CE6ACA1E8AEBFE997AEEFBC9AE79BB8E6AF94E4B88EE7ACACE4B880E6ACA1E8AEBFE997AEEFBC8CE8BF99E6ACA1E58FAAE8B083E794A8E4BA867365727669636528290D0A2020215BE59CA8E8BF99E9878CE68F92E585A5E59BBEE78987E68F8FE8BFB05D2868747470733A2F2F696D672D626C6F672E6373646E696D672E636E2F32303230303530373133343433333734342E706E67290D0A20332E20E5BD93E585B3E997AD546F6D636174E697B6EFBC8C64657374726F792829E8A2ABE8B083E794A83A0D0A20215BE59CA8E8BF99E9878CE68F92E585A5E59BBEE78987E68F8FE8BFB05D2868747470733A2F2F696D672D626C6F672E6373646E696D672E636E2F32303230303530373133343833343130352E706E67290D0A202A2A536572766C6574E5A3B0E6988EE591A8E69C9FE58FAFE58886E4B8BA35E4B8AAE6ADA5E9AAA42A2A0D0A200D0A0D0A2020202020202020312EE58AA0E8BDBD536572766C6574E38082546F6D636174E9A696E6ACA1E8AEBFE997AE536572766C6574E697B6EFBC8CE4BC9AE5889BE5BBBA536572766C6574E79A84E5AE9EE4BE8B0D0A20202020202020200D0A2020202020202020322EE5889DE5A78BE58C96E38082536572766C6574E8A2ABE5AE9EE4BE8BE58C96E5908EEFBC8C546F6D636174E4BC9AE8B083E794A8696E69742829E696B9E6B395E5889DE5A78BE58C96E8BF99E4B8AAE5AFB9E8B1A10D0A20202020202020200D0A2020202020202020332EE5A484E79086E69C8DE58AA1E38082E5BD93E6B58FE8A788E599A8E8AEBFE997AE536572766C6574E697B6EFBC8C536572766C6574E4BC9AE8B083E794A8736572766963652829E696B9E6B395E5A484E79086E8AFB7E6B1820D0A20202020202020200D0A2020202020202020342EE99480E6AF81E38082E5BD93546F6D636174E585B3E997ADE68896E88085E6A380E6B58BE588B0536572766C6574E8A681E4BB8E546F6D636174E588A0E999A4E79A84E697B6E58099E4BC9AE887AAE58AA8E8B083E794A864657374726F792829E696B9E6B395EFBC8C0D0A20202020202020202020E9878AE694BEE8AFA5E5AE9EE4BE8BE68980E58DA0E794A8E79A84E8B584E6BA90E38082E4B880E4B8AA536572766C6574E5A682E69E9CE995BFE697B6E997B4E4B88DE8A2ABE4BDBFE794A8E79A84E8AF9DEFBC8CE4B99FE4BC9AE8A2AB546F6D636174E887AAE58AA8E99480E6AF810D0A202020202020202020200D0A2020202020202020352EE58DB8E8BDBDE38082E5BD93536572766C6574E8B083E794A8E5AE8C64657374726F792829E696B9E6B395E5908EEFBC8CE7AD89E5BE85E59E83E59CBEE59B9EE694B6E38082E5A682E69E9CE69C89E99C80E8A681E5868DE6ACA1E4BDBFE794A8E8BF99E4B8AA536572766C6574EFBC8C0D0A20202020202020202020E4BC9AE9878DE696B0E8B083E794A8696E69742829E696B9E6B395E8BF9BE8A18CE5889DE5A78BE58C96E6938DE4BD9CE380820D0A20202020202020202A2AE7AE80E58D95E680BBE7BB93EFBC9A2A2AE58FAAE8A681E8AEBFE997AE536572766C6574EFBC8C736572766963652829E696B9E6B395E5B0B1E4BC9AE8A2ABE8B083E794A8E38082696E69742829E58FAAE69C89E7ACACE4B880E6ACA1E8AEBFE997AE536572766C6574E79A84E697B6E58099E6898DE4BC9AE8A2ABE8B083E794A8E3808264657374726F792829E58FAAE69C89E59CA8546F6D636174E585B3E997ADE79A84E697B6E58099E6898DE4BC9AE8A2ABE8B083E794A8E380820D0A20202020202020200D0A0D0A232320E7BBA7E689BF48747470536572766C6574E7B1BBE7BC96E58699536572766C6574E7A88BE5BA8FEFBC9A0D0A2A2A48747470536572766C6574E7B1BBE4B99FE698AFE4B880E4B8AAE68ABDE8B1A1E7B1BB2A2AEFBC8C2A2AE5AE9EE78EB0E4BA86736572766963652829E696B9E6B3952A2AEFBC8C2A2AE5B9B6E99288E5AFB9485454502F312E31E4B8ADE5AE9AE4B989E79A8437E7A78DE8AFB7E6B182E7B1BBE59E8BE68F90E4BE9BE4BA86E79BB8E5BA94E79A84E696B9E6B3952A2A2D2A2A646F47657428292A2AE380812A2A646F506F737428292A2AE380812A2A646F50757428292A2AE380812A2A646F44656C65746528292A2AE380812A2A646F4865616428292A2AE38081202A2A646F547261636528292A2A20E5928C202A2A646F4F7074696F6E7328292A2A20E696B9E6B395E380822A2A48747470536572766C6574E7B1BBE5B7B2E7BB8FE5AE9EE78EB0E4BA86536572766C6574E68EA5E58FA3E79A84E68980E69C89E696B9E6B3952A2AEFBC8CE68891E4BBACE59CA8E4BDBFE794A8E8BF87E7A88BE4B8ADE58FAAE794A82A2AE7BBA7E689BF48747470536572766C6574EFBC8CE9878DE58699E68891E4BBACE99C80E8A681E79A84E696B9E6B395E5B0B1E8A18CE4BA86E380822A2A202A2AE8808CE4B89448747470536572766C6574E7B1BBE59CA8E58E9FE69C89536572766C6574E68EA5E58FA3E4B88AE6B7BBE58AA0E4BA86E4B880E4BA9B48545450E58D8FE8AEAEE5A484E79086E696B9E6B395EFBC8CE5AE83E79A84E58A9FE883BDE4B99FE69BB4E58AA0E5BCBAE5A4A7E380822A2A200D0A48747470536572766C6574E7B1BBE7BBA7E689BF47656E65726963536572766C6574E7B1BBE3808248747470536572766C6574E7B1BBE3808147656E65726963536572766C6574E7B1BBE38081536572766C6574E68EA5E58FA3E79A84E585B3E7B3BBE5A682E59BBEEFBC9A0D0A215BE59CA8E8BF99E9878CE68F92E585A5E59BBEE78987E68F8FE8BFB05D2868747470733A2F2F696D672D626C6F672E6373646E696D672E636E2F32303230303530373136323730383230352E706E673F782D6F73732D70726F636573733D696D6167652F77617465726D61726B2C747970655F5A6D46755A33706F5A57356E6147567064476B2C736861646F775F31302C746578745F6148523063484D364C7939696247396E4C6D4E7A5A473475626D56304C334678587A517A4E7A41794D446B322C73697A655F31362C636F6C6F725F4646464646462C745F3730290D0A20202048747470536572766C6574E69C89E4B8A4E4B8AAE789B9E680A7E698AF47656E65726963536572766C6574E68980E4B88DE585B7E5A487E79A84EFBC9A0D0A0D0A20202020E4B88DE794A8E8A686E79B9673657276696365E696B9E6B395EFBC8CE8808CE698AFE8A686E79B96646F476574E68896E88085646F506F7374E696B9E6B395E38082E59CA8E5B091E695B0E68385E586B5EFBC8CE8BF98E4BC9AE8A686E79B96E585B6E4BB96E79A8435E4B8AAE696B9E6B395E380820D0A20202020E4BDBFE794A8E79A84E698AF48747470536572766C657452657175657374E5928C48747470536572766C6574526573706F6E7365E5AFB9E8B1A1E380820D0A2A2AE4B880E888ACE68891E4BBACE983BDE698AFE9878DE58699646F4765742829E5928C646F506F73742829E696B9E6B395E380822A2A0D0AE8BF99E9878CE68891E4BDBFE794A8E79A84E698AF4D7945636C6970736532303138EFBC9A0D0A215BE59CA8E8BF99E9878CE68F92E585A5E59BBEE78987E68F8FE8BFB05D2868747470733A2F2F696D672D626C6F672E6373646E696D672E636E2F32303230303530373136343135333136322E706E673F782D6F73732D70726F636573733D696D6167652F77617465726D61726B2C747970655F5A6D46755A33706F5A57356E6147567064476B2C736861646F775F31302C746578745F6148523063484D364C7939696247396E4C6D4E7A5A473475626D56304C334678587A517A4E7A41794D446B322C73697A655F31362C636F6C6F725F4646464646462C745F3730290D0A0D0A0D0A20200D0A0D0A20215BE59CA8E8BF99E9878CE68F92E585A5E59BBEE78987E68F8FE8BFB05D2868747470733A2F2F696D672D626C6F672E6373646E696D672E636E2F32303230303530373136343231313237302E6A70673F782D6F73732D70726F636573733D696D6167652F77617465726D61726B2C747970655F5A6D46755A33706F5A57356E6147567064476B2C736861646F775F31302C746578745F6148523063484D364C7939696247396E4C6D4E7A5A473475626D56304C334678587A517A4E7A41794D446B322C73697A655F31362C636F6C6F725F4646464646462C745F3730290D0A2A2AE5889BE5BBBAE5AE8CE68890E5908EE4BC9AE887AAE58AA8E9858DE7BDAEE5A5BD584D4CE69687E4BBB6EFBC8CE68891E4BBACE79BB4E68EA5E4BDBFE794A8E5B0B1E5A5BDE4BA86EFBC812A2A0D0A0D0A2A2AE58F82E88083EFBC9A2A2A0D0A5B68747470733A2F2F626C6F672E6373646E2E6E65742F71715F31393738323031392F61727469636C652F64657461696C732F38303239323131305D2868747470733A2F2F626C6F672E6373646E2E6E65742F71715F31393738323031392F61727469636C652F64657461696C732F3830323932313130290D0A5B736572766C6574E79A84E69CACE8B4A8E698AFE4BB80E4B988EFBC8CE5AE83E698AFE5A682E4BD95E5B7A5E4BD9CE79A84EFBC9F202D20E69FB3E6A091E79A84E59B9EE7AD94202D20E79FA5E4B98E5D2868747470733A2F2F7777772E7A686968752E636F6D2F7175657374696F6E2F32313431363732372F616E737765722F333339303132303831290D0A5B736572766C6574E79A84E69CACE8B4A8E698AFE4BB80E4B988EFBC8CE5AE83E698AFE5A682E4BD95E5B7A5E4BD9CE79A84EFBC9F202D20627261766F31393838E79A84E59B9EE7AD94202D20E79FA5E4B98E5D2868747470733A2F2F7777772E7A686968752E636F6D2F7175657374696F6E2F32313431363732372F616E737765722F363930323839383935290D0A0D0A0D0A, '2020-09-03 20:02:23', 0x68747470733A2F2F74696D6773612E62616964752E636F6D2F74696D673F696D616765267175616C6974793D38302673697A653D62393939395F3130303030267365633D313539393134343335383139392664693D393035306230666132373031643362343463363666663835363764633465623226696D67747970653D30267372633D68747470253341253246253246706963312E77696E343030302E636F6D25324677616C6C706170657225324663253246353738396436336634333835662E6A7067, '', '', '', '', 'Java Web学习之路--Servlet初识', '2020-09-03 20:02:23', '0', '16', '1', 'Servlet是JavaWeb的核心知识，后面会有系列文章更新，Spring就是一个封装了Servlet的框架....');
INSERT INTO `t_blog` VALUES ('15', '', '\0', 0x3D3DE68891E7ACACE4B880E6ACA1E68EA5E8A7A672657175657374E5928C726573706F6E7365E698AFE59CA8E5ADA6E4B9A04A5350E79A84E697B6E58099EFBC8CE68891E4BBACE79FA5E981932A2A4A5350E698AFE5AFB9536572766C6574E79A84E9AB98E7BAA7E5B081E8A385EFBC8CE585B6E69CACE8B4A8E8BF98E698AF536572766C65742A2AE380822A2A4A5350E69687E4BBB6E59CA8E5AEB9E599A8E4B8ADE689A7E8A18CE697B6E4BC9AE8BDACE58C96E4B8BA536572766C65742A2AE38082E59CA8E8BF99E9878CE5B0B1E4B88DE8BF87E5A49AE8B598E8BFB0E4BA86EFBC8CE6AF95E7AB9F4A5350E5B7B2E7BB8FE69C89E4BA9BE8BF87E697B6E4BA86EFBC8CE6ADA3E59CA8E5ADA6E4B9A0E68896E88085E8BF98E69CAAE5ADA6E4B9A0E79A84E5B08FE4BC99E4BCB42A2AE7AE80E58D95E8BF87E4B880E4B88B4A5350E5B0B1E5A5BDE4BA862A2AEFBC8C2A2AE4B88DE5BF85E6B7B1E7A9B62A2AE38082E6849FE585B4E8B6A3E79A84E8AF9DE782B9E587BBE3808BE3808B5B4A5350E5928C536572766C6574E79A84E58CBAE588AB5D2868747470733A2F2F626C6F672E6373646E2E6E65742F77656978696E5F33383931313539312F61727469636C652F64657461696C732F3930323930393630293D3D0D0A0D0A23232072657175657374E38081726573706F6E7365E5AFB9E8B1A10D0A0D0A3E202A2A546F6D636174E694B6E588B0E5AEA2E688B7E7ABAFE79A8468747470E8AFB7E6B182EFBC8CE4BC9AE99288E5AFB9E6AF8FE4B880E6ACA1E8AFB7E6B182EFBC8CE58886E588ABE5889BE5BBBAE4B880E4B8AA3D3DE4BBA3E8A1A8E8AFB7E6B182E79A8472657175657374E5AFB9E8B1A1E38081E4BBA3E8A1A8E5938DE5BA94E79A84726573706F6E7365E5AFB9E8B1A13D3D2A2A0D0AE59BA0E6ADA4E68891E4BBAC202A2A3D3DE9809AE8BF8772657175657374E5AFB9E8B1A1E88EB7E58F96E6B58FE8A788E599A8E58F91E98081E79A84E695B0E68DAEEFBC8CE9809AE8BF87726573706F6E7365E5AFB9E8B1A1E59091E6B58FE8A788E599A8E8BE93E587BAE695B0E68DAEE380823D3D2A2A0D0A0D0A215BE59CA8E8BF99E9878CE68F92E585A5E59BBEE78987E68F8FE8BFB05D2868747470733A2F2F696D672D626C6F672E6373646E696D672E636E2F32303230303530393134303930393937382E706E673F782D6F73732D70726F636573733D696D6167652F77617465726D61726B2C747970655F5A6D46755A33706F5A57356E6147567064476B2C736861646F775F31302C746578745F6148523063484D364C7939696247396E4C6D4E7A5A473475626D56304C334678587A517A4E7A41794D446B322C73697A655F31362C636F6C6F725F4646464646462C745F3730290D0A2A2AE6ADA3E5A682E68891E4B88AE7AF87E58D9AE5AEA2E68980E8AFB4E79A84EFBC8C3D3D536572766C6574E698AFE4B88DE4BC9AE5928CE5AEA2E688B7E7ABAFE79BB4E68EA5E68993E4BAA4E98193E79A84EFBC8CE79C9FE6ADA3E5928CE5AEA2E688B7E7ABAFE68993E4BAA4E98193E79A84E698AF546F6D636174E380823D3D20E585B6E5AE9EE8BF99E58FA5E8AF9DE68C87E79A84E5B0B1E698AF3D3D72657175657374EFBC88E8AFB7E6B182EFBC89E5928C726573706F6E7365EFBC88E5938DE5BA94EFBC89EFBC8CE5AE83E4BFA9E698AFE794B1546F6D636174E5A484E79086E5928CE5B081E8A385E5A5BDE79A843D3DE4B88DE794A8536572766C6574E6938DE5BF83E380822A2A0D0A0D0A23232048747470536572766C657452657175657374E3808168747470536572766C6574526573706F6E7365E5AFB9E8B1A10D0A3D3DE5AE9EE78EB0536572766C6574E68EA5E58FA3E697B6EFBC8C736572766963652829E696B9E6B395E4B8ADE79A84726573706F6E7365E5928C72657175657374E5AFB9E8B1A1E698AF536572766C6574526573706F6E7365E5928C536572766C657452657175657374E5AFB9E8B1A1E380823D3D0D0A0D0A6060606A6176610D0A097075626C696320766F6964207365727669636528536572766C65745265717565737420726571756573742C20536572766C6574526573706F6E736520726573706F6E736529207468726F777320536572766C6574457863657074696F6E2C20494F457863657074696F6E207B0D0A09092F2F20544F444F204175746F2D67656E657261746564206D6574686F6420737475620D0A097D0D0A6060600D0A0D0A3D3DE8808CE7BBA7E689BF48747470536572766C6574E5AFB9E8B1A1E697B6EFBC8C646F47657428292F646F506F73742829E696B9E6B395E79A84726573706F6E7365E5928C7265737175657374E5AFB9E8B1A1E697B648747470536572766C6574526573706F6E7365E5928C48747470536572766C657452657175657374E5AFB9E8B1A1E380823D3D0D0A0D0A6060606A6176610D0A097075626C696320766F696420646F4765742848747470536572766C65745265717565737420726571756573742C2048747470536572766C6574526573706F6E736520726573706F6E736529207468726F777320536572766C6574457863657074696F6E2C20494F457863657074696F6E207B0D0A0D0A097D0D0A0D0A097075626C696320766F696420646F506F73742848747470536572766C65745265717565737420726571756573742C2048747470536572766C6574526573706F6E736520726573706F6E736529207468726F777320536572766C6574457863657074696F6E2C20494F457863657074696F6E207B0D0A0D0A0D0A097D0D0A6060600D0A2A2A48747470536572766C6574526571756573743A2A2A0D0A3D3D48747470536572766C657452657175657374E5AFB9E8B1A1E4BBA3E8A1A8E5AEA2E688B7E7ABAFE79A84E8AFB7E6B182EFBC8CE5BD93E5AEA2E688B7E7ABAFE9809AE8BF8748545450E58D8FE8AEAEE8AEBFE997AEE69C8DE58AA1E599A8E697B6EFBC8C48545450E8AFB7E6B182E5A4B4E4B8ADE79A84E68980E69C89E4BFA1E681AFE983BDE5B086E5B081E8A385E59CA8E8BF99E4B8AAE5AFB9E8B1A1E4B8ADEFBC8CE9809AE8BF87E8BF99E4B8AAE5AFB9E8B1A1E68F90E4BE9BE79A84E696B9E6B395EFBC8CE58FAFE4BBA5E88EB7E5BE97E5AEA2E688B7E7ABAFE8AFB7E6B182E79A84E68980E69C89E4BFA1E681AFE380823D3D0D0A2A2A48747470536572766C65745265706F6E73652A2A0D0A3D3D48545450E5938DE5BA94E794B1E5938DE5BA94E5A4B4E38081E5938DE5BA94E8A18CE38081E5938DE5BA94E4BD93EFBC8CE8BF98E69C89E4B880E4B8AAE7A9BAE8A18CE7BB84E68890E3808248747470536572766C6574526573706F6E7365E5AFB9E8B1A1E5B0B1E5B081E8A385E4BA8648545450E5938DE5BA94E79A84E6B688E681AFE380823D3D0D0A0D0A2A2AE585B3E4BA8E48747470536572766C657452657175657374E5928C48747470536572766C65745265706F6E7365E5AFB9E8B1A1EFBC8CE68EA5E4B88BE69DA5E68891E4BC9AE4B893E997A8E58897E4B8A4E4B8AAE4B893E9A298E69DA5E8AEA8E8AEBAE585B6E5BA94E794A8E380822A2A0D0A0D0A2A2AE58F82E88083EFBC9A2A2A0D0A5B68747470733A2F2F626C6F672E6373646E2E6E65742F6D6363616E64313233342F61727469636C652F64657461696C732F35343537373431335D2868747470733A2F2F626C6F672E6373646E2E6E65742F6D6363616E64313233342F61727469636C652F64657461696C732F3534353737343133290D0A, '2020-09-03 20:06:45', 0x68747470733A2F2F7373322E62647374617469632E636F6D2F37306346766E53685F5131596E78476B706F574B314846366868792F69742F753D333839353733343934362C39313636393933363426666D3D32362667703D302E6A7067, '', '', '', '', 'Java Web学习之路--request和response（浅入）', '2020-09-03 20:06:45', '0', '16', '1', 'request和response是我们信息交互的方法，由servlet容器(Tomcat)创建....');

-- ----------------------------
-- Table structure for t_blog_tags
-- ----------------------------
DROP TABLE IF EXISTS `t_blog_tags`;
CREATE TABLE `t_blog_tags` (
  `blogs_id` bigint(20) NOT NULL,
  `tags_id` bigint(20) NOT NULL,
  KEY `FK5feau0gb4lq47fdb03uboswm8` (`tags_id`),
  KEY `FKh4pacwjwofrugxa9hpwaxg6mr` (`blogs_id`)
) ENGINE=MyISAM DEFAULT CHARSET=utf8;

-- ----------------------------
-- Records of t_blog_tags
-- ----------------------------
INSERT INTO `t_blog_tags` VALUES ('3', '2');
INSERT INTO `t_blog_tags` VALUES ('3', '3');
INSERT INTO `t_blog_tags` VALUES ('4', '4');
INSERT INTO `t_blog_tags` VALUES ('12', '5');
INSERT INTO `t_blog_tags` VALUES ('12', '4');
INSERT INTO `t_blog_tags` VALUES ('13', '5');
INSERT INTO `t_blog_tags` VALUES ('13', '6');
INSERT INTO `t_blog_tags` VALUES ('14', '5');
INSERT INTO `t_blog_tags` VALUES ('14', '7');
INSERT INTO `t_blog_tags` VALUES ('15', '5');
INSERT INTO `t_blog_tags` VALUES ('15', '7');

-- ----------------------------
-- Table structure for t_comment
-- ----------------------------
DROP TABLE IF EXISTS `t_comment`;
CREATE TABLE `t_comment` (
  `id` bigint(20) NOT NULL AUTO_INCREMENT,
  `avatar` varchar(255) DEFAULT NULL,
  `content` varchar(255) DEFAULT NULL,
  `create_tiem` datetime DEFAULT NULL,
  `email` varchar(255) DEFAULT NULL,
  `nickname` varchar(255) DEFAULT NULL,
  `blog_id` bigint(20) DEFAULT NULL,
  `parent_comment_id` bigint(20) DEFAULT NULL,
  `admin_comment` bit(1) NOT NULL,
  `create_time` datetime DEFAULT NULL,
  PRIMARY KEY (`id`),
  KEY `FKke3uogd04j4jx316m1p51e05u` (`blog_id`),
  KEY `FK4jj284r3pb7japogvo6h72q95` (`parent_comment_id`)
) ENGINE=MyISAM AUTO_INCREMENT=7 DEFAULT CHARSET=utf8;

-- ----------------------------
-- Records of t_comment
-- ----------------------------

-- ----------------------------
-- Table structure for t_tag
-- ----------------------------
DROP TABLE IF EXISTS `t_tag`;
CREATE TABLE `t_tag` (
  `id` bigint(20) NOT NULL AUTO_INCREMENT,
  `name` varchar(255) DEFAULT NULL,
  PRIMARY KEY (`id`)
) ENGINE=MyISAM AUTO_INCREMENT=8 DEFAULT CHARSET=utf8;

-- ----------------------------
-- Records of t_tag
-- ----------------------------
INSERT INTO `t_tag` VALUES ('2', '视图渲染');
INSERT INTO `t_tag` VALUES ('3', '过时方法更新');
INSERT INTO `t_tag` VALUES ('4', '基础用法');
INSERT INTO `t_tag` VALUES ('5', '学习之路');
INSERT INTO `t_tag` VALUES ('6', 'Tomcat');
INSERT INTO `t_tag` VALUES ('7', '核心知识点');

-- ----------------------------
-- Table structure for t_type
-- ----------------------------
DROP TABLE IF EXISTS `t_type`;
CREATE TABLE `t_type` (
  `id` bigint(20) NOT NULL AUTO_INCREMENT,
  `name` varchar(255) DEFAULT NULL,
  PRIMARY KEY (`id`)
) ENGINE=MyISAM AUTO_INCREMENT=18 DEFAULT CHARSET=utf8;

-- ----------------------------
-- Records of t_type
-- ----------------------------
INSERT INTO `t_type` VALUES ('14', 'Mybatis');
INSERT INTO `t_type` VALUES ('13', 'Spring Data JPA/Hibernate');
INSERT INTO `t_type` VALUES ('15', 'Spring Boot');
INSERT INTO `t_type` VALUES ('16', 'Java Web');
INSERT INTO `t_type` VALUES ('17', 'Servlet');

-- ----------------------------
-- Table structure for t_user
-- ----------------------------
DROP TABLE IF EXISTS `t_user`;
CREATE TABLE `t_user` (
  `id` bigint(20) NOT NULL AUTO_INCREMENT,
  `avatar` varchar(255) DEFAULT NULL,
  `create_time` datetime DEFAULT NULL,
  `email` varchar(255) DEFAULT NULL,
  `password` varchar(255) DEFAULT NULL,
  `update_time` datetime DEFAULT NULL,
  `username` varchar(255) DEFAULT NULL,
  `nickname` varchar(255) DEFAULT NULL,
  `type` int(11) DEFAULT NULL,
  PRIMARY KEY (`id`)
) ENGINE=MyISAM AUTO_INCREMENT=2 DEFAULT CHARSET=utf8;

-- ----------------------------
-- Records of t_user
-- ----------------------------
INSERT INTO `t_user` VALUES ('1', 'https://ss1.bdstatic.com/70cFuXSh_Q1YnxGkpoWK1HF6hhy/it/u=92908813,4152952504&fm=26&gp=0.jpg', '2020-08-27 18:06:46', '2046175633@qq.com', '21232f297a57a5a743894a0e4a801fc3', '2020-08-27 18:07:27', 'admin', 'zzxkj', '1');
